model,auc,brier
classical_gradient_boosting,0.9879115226337449,0.015314766486998194
